{"cameraMode":{"drawMode":0,"name":"Shaded","section":"Shading Mode"},"sceneLighting":true,"audioPlay":false,"sceneViewState":{"showFog":true,"showMaterialUpdate":false,"showSkybox":true,"showFlares":true,"showImageEffects":true,"showParticleSystems":true},"in2DMode":false,"pivot":{"x":173.8885040283203,"y":1108.7589111328125,"z":816.7078857421875},"rotation":{"x":-0.256409227848053,"y":0.22731108963489533,"z":-0.06217673793435097,"w":-0.937399685382843},"size":213.99594116210938,"orthographic":false}