{"cameraMode":{"drawMode":0,"name":"Shaded","section":"Shading Mode"},"sceneLighting":true,"audioPlay":false,"sceneViewState":{"showFog":true,"showMaterialUpdate":false,"showSkybox":true,"showFlares":true,"showImageEffects":true,"showParticleSystems":true},"in2DMode":false,"pivot":{"x":-292.9269714355469,"y":297.53057861328127,"z":905.3140869140625},"rotation":{"x":-0.43133267760276797,"y":0.425595223903656,"z":-0.24227306246757508,"w":-0.7577100396156311},"size":1022.585693359375,"orthographic":false}