{"cameraMode":{"drawMode":0,"name":"Shaded","section":"Shading Mode"},"sceneLighting":true,"audioPlay":false,"sceneViewState":{"showFog":true,"showMaterialUpdate":false,"showSkybox":true,"showFlares":true,"showImageEffects":true,"showParticleSystems":true},"in2DMode":false,"pivot":{"x":-764.6231689453125,"y":879.611083984375,"z":1863.5289306640625},"rotation":{"x":-0.032069530338048938,"y":-0.3671489357948303,"z":-0.012668196111917496,"w":0.9295228719711304},"size":2211.838623046875,"orthographic":false}