{"cameraMode":{"drawMode":0,"name":"Shaded","section":"Shading Mode"},"sceneLighting":true,"audioPlay":false,"sceneViewState":{"showFog":true,"showMaterialUpdate":false,"showSkybox":true,"showFlares":true,"showImageEffects":true,"showParticleSystems":true},"in2DMode":false,"pivot":{"x":771.657958984375,"y":-873.9144287109375,"z":755.9476318359375},"rotation":{"x":-0.36688822507858279,"y":-0.630456805229187,"z":0.44591832160949709,"w":-0.5187236070632935},"size":2448.494873046875,"orthographic":false}