{"cameraMode":{"drawMode":0,"name":"Shaded","section":"Shading Mode"},"sceneLighting":true,"audioPlay":false,"sceneViewState":{"showFog":true,"showMaterialUpdate":false,"showSkybox":true,"showFlares":true,"showImageEffects":true,"showParticleSystems":true},"in2DMode":false,"pivot":{"x":7318.74169921875,"y":-13665.4091796875,"z":2823.236083984375},"rotation":{"x":0.4164094030857086,"y":0.515847384929657,"z":-0.31662285327911379,"w":0.6784207224845886},"size":16887.40625,"orthographic":false}